Timestamp,Team #,Alliance?,Robot In Match,Exited Tarmac in Auto?,Auto Cargo Upper,Auto Cargo Lower,Teleop Upper,Teleop Lower,Opposing Cargo,Scoring Positions,Bar,Fouls?,Other,Match Number
4/9/2022 9:08:10,2035,Red,Yes,Yes,0,1,0,0,0,Other,,,Played Defense,1
4/9/2022 9:09:17,4669,Blue,Yes,Yes,0,0,0,6,0,Tarmac,,,,1
4/9/2022 9:13:25,1967,Blue,Yes,Yes,0,2,0,7,0,"Tarmac, Other",Attemped,,,1
4/9/2022 9:15:01,701,Red,Yes,Yes,1,0,3,1,0,"Tarmac, Other",Attemped,,,1
4/9/2022 9:16:24,192,Red,Yes,Yes,0,0,1,1,0,Other,Attemped,,,1
4/9/2022 9:17:47,751,Blue,Yes,Yes,0,0,3,0,0,Tarmac,Mid,,,1
4/9/2022 9:20:22,971,Blue,Yes,Yes,3,0,16,0,0,"Tarmac, Other",Mid,,,2
4/9/2022 9:22:42,5419,Blue,Yes,Yes,5,0,9,0,0,"Tarmac, Other",Mid,,,2
4/9/2022 9:23:52,299,Blue,Yes,Yes,0,0,4,0,0,Tarmac,Attemped,,,2
4/9/2022 9:24:27,668,Red,Yes,Yes,1,0,0,0,0,Other,,,Played Defense,2
4/9/2022 9:24:53,2141,Red,Yes,No,0,0,0,0,0,,Did not Climb,,Broken Drivetrain,2
4/9/2022 9:25:30,604,Red,Yes,Yes,4,0,11,0,0,Other,,,,2
4/9/2022 9:26:31,4973,Blue,Yes,Yes,0,1,2,0,0,Other,Did not Climb,,Played Defense,3
4/9/2022 9:27:19,7415,Blue,Yes,Yes,0,1,0,6,0,Tarmac,Upper,,,3
4/9/2022 9:32:12,1072,Red,Yes,Yes,3,1,16,0,0,Other,Traversal,,,3
4/9/2022 9:33:43,7413,Red,Yes,No,,,,,,,Did not Climb,,Played Defense,3
4/9/2022 9:34:23,7777,Red,Yes,Yes,1,0,0,0,0,Tarmac,Mid,,Played Defense,3
4/9/2022 9:35:07,8048,Blue,Yes,Yes,0,0,0,6,0,Tarmac,,,Played Defense,3
4/9/2022 9:41:29,6814,Red,Yes,Yes,0,1,0,2,0,Tarmac,Did not Climb,,,4
4/9/2022 9:42:17,3045,Blue,Yes,Yes,0,0,0,0,0,Other,Mid,,,4
4/9/2022 9:44:01,5171,Blue,Yes,Yes,3,0,12,0,0,Other,Did not Climb,,,4
4/9/2022 9:45:10,649,Blue,Yes,Yes,3,0,4,0,0,Other,Traversal,,,4
4/9/2022 9:47:32,6918,Red,Yes,Yes,1,0,6,0,0,Tarmac,Mid,,,4
4/9/2022 9:48:40,4990,Red,Yes,Yes,1,0,2,0,0,Other,Did not Climb,,Broken Drivetrain,4
4/9/2022 9:50:59,581,Red,Yes,Yes,0,0,0,0,0,,Did not Climb,,Broken Drivetrain,5
4/9/2022 9:52:22,840,Red,Yes,Yes,1,0,0,0,0,Tarmac,Mid,,Played Defense,5
4/9/2022 9:55:05,4091,Red,Yes,Yes,0,0,3,0,0,Tarmac,Upper,,,5
4/9/2022 9:56:27,5507,Blue,Yes,Yes,0,0,10,0,0,Tarmac,Upper,,,5
4/9/2022 9:57:04,670,Blue,Yes,Yes,1,0,5,0,0,Other,Upper,,,5
4/9/2022 9:58:05,6418,Blue,Yes,No,0,0,0,5,0,Tarmac,Did not Climb,,,5
4/9/2022 9:59:18,4171,Blue,Yes,Yes,2,0,0,0,0,Tarmac,,,Broken Drivetrain,6
4/9/2022 9:59:45,2643,Red,Yes,Yes,0,0,1,0,0,Other,Did not Climb,,,6
4/9/2022 10:00:23,2489,Red,Yes,No,0,0,3,0,0,Other,Did not Climb,,,6
4/9/2022 10:01:09,4186,Blue,Yes,Yes,2,0,1,0,0,Launch Pad,Mid,,,6
4/9/2022 10:01:42,8262,Blue,Yes,Yes,2,0,16,0,0,"Tarmac, Other",Mid,,,6
4/9/2022 10:02:14,6238,Red,Yes,Yes,0,0,3,0,0,Other,Traversal,,,6
4/9/2022 10:04:36,852,Blue,Yes,Yes,0,0,3,0,0,"Tarmac, Other",Mid,,,7
4/9/2022 10:05:36,4255,Red,Yes,Yes,4,0,11,0,0,Launch Pad,Mid,,,7
4/9/2022 10:06:06,5027,Red,Yes,No,0,0,0,0,0,,Did not Climb,,"Broken Drivetrain, Played Defense",7
4/9/2022 10:06:43,5458,Red,Yes,Yes,2,0,0,0,0,Tarmac,Did not Climb,,Played Defense,7
4/9/2022 10:07:16,2367,Blue,Yes,Yes,0,0,0,0,0,,Did not Climb,,Played Defense,7
4/9/2022 10:07:42,7419,Blue,Yes,Yes,0,1,5,0,0,Other,Mid,,,7
4/9/2022 10:08:38,766,Red,Yes,No,0,0,0,0,0,,Did not Climb,,Played Defense,8
4/9/2022 10:09:20,972,Red,Yes,Yes,2,0,6,0,0,"Tarmac, Other",Traversal,,,8
4/9/2022 10:09:55,8033,Blue,Yes,Yes,3,0,8,0,0,Tarmac,Low,,,8
4/9/2022 10:10:42,1678,Blue,Yes,Yes,5,0,6,0,0,"Tarmac, Other",Traversal,,,8
4/9/2022 10:11:17,6884,Red,Yes,Yes,0,0,0,3,0,Tarmac,Attemped,,,8
4/9/2022 10:13:10,2144,Blue,Yes,Yes,0,0,4,0,0,Other,Did not Climb,,,8
4/9/2022 10:13:51,4159,Red,Yes,No,0,0,0,0,0,Other,Did not Climb,,,9
4/9/2022 10:14:18,1351,Blue,Yes,Yes,1,0,7,0,0,"Tarmac, Other",Mid,,,9
4/9/2022 10:15:03,2854,Red,Yes,Yes,1,0,0,0,0,Other,Did not Climb,,"Broken Drivetrain, Played Defense",9
4/9/2022 10:15:28,7137,Blue,Yes,Yes,1,0,1,0,0,Other,Mid,,,9
4/9/2022 10:15:52,3482,Red,Yes,Yes,1,0,2,0,0,Other,,,,9
4/9/2022 10:16:47,4904,Blue,Yes,Yes,0,0,3,0,0,Tarmac,Did not Climb,,,9
4/9/2022 10:21:31,254,Red,Yes,Yes,5,0,18,0,0,"Tarmac, Other",Traversal,Tech-Foul,,10
4/9/2022 10:24:22,6918,Blue,Yes,Yes,0,0,1,0,0,Other,Attemped,,,10
4/9/2022 10:25:12,8793,Red,Yes,Yes,1,0,0,0,0,Other,,,Played Defense,10
4/9/2022 10:28:21,8793,Red,Yes,Yes,1,0,0,0,0,Other,Did not Climb,,Played Defense,10
4/9/2022 10:29:02,8404,Blue,Yes,Yes,0,0,1,0,0,Other,Attemped,,,10
4/9/2022 10:29:46,841,Blue,Yes,Yes,2,0,0,0,0,Tarmac,Low,,Played Defense,10
4/9/2022 10:36:03,6418,Blue,Yes,Yes,0,2,0,8,0,Tarmac,Did not Climb,,,11
4/9/2022 10:36:40,971,Blue,Yes,Yes,3,0,16,0,0,"Tarmac, Other",Upper,,,11
4/9/2022 10:37:14,4091,Blue,Yes,Yes,1,0,2,0,0,"Tarmac, Other",Mid,,Played Defense,11
4/9/2022 10:39:54,8048,Red,Yes,Yes,0,1,0,6,0,Tarmac,Did not Climb,,,11
4/9/2022 10:40:24,2035,Red,Yes,Yes,0,1,6,0,0,"Tarmac, Other",Mid,,,11
4/9/2022 10:41:08,3045,Red,Yes,Yes,1,0,0,0,0,Other,Mid,,,11
4/9/2022 10:43:19,1967,Red,Yes,Yes,0,2,0,6,0,Tarmac,Attemped,,,12
4/9/2022 10:43:49,6814,Red,Yes,Yes,0,1,0,0,0,,Did not Climb,,Played Defense,12
4/9/2022 10:44:46,4990,Blue,Yes,Yes,1,0,0,1,0,Tarmac,Did not Climb,,,12
4/9/2022 10:47:12,1072,Red,Yes,Yes,2,0,10,0,0,Tarmac,Traversal,,,12
4/9/2022 10:47:45,5419,Blue,Yes,Yes,3,0,9,0,0,"Tarmac, Other",Traversal,,,12
4/9/2022 10:48:16,840,Blue,Yes,No,0,0,0,0,0,,Did not Climb,,Played Defense,12
4/9/2022 10:48:52,4171,Blue,Yes,No,0,0,0,0,0,,Did not Climb,,Broken Drivetrain,13
4/9/2022 10:50:28,2643,Blue,Yes,Yes,0,0,4,1,0,Other,Mid,,,13
4/9/2022 10:51:12,7415,Red,Yes,Yes,0,0,0,0,0,,Mid,,Played Defense,13
4/9/2022 10:51:45,604,Blue,Yes,Yes,3,0,10,0,0,"Tarmac, Other",Mid,,,13
4/9/2022 10:52:24,701,Red,Yes,Yes,2,0,6,0,0,Tarmac,Attemped,,Broken Drivetrain,13
4/9/2022 10:53:14,4255,Red,Yes,Yes,3,0,5,0,0,Tarmac,Traversal,,,13
4/9/2022 10:54:41,668,Blue,Yes,No,0,0,0,0,0,,Did not Climb,,,14
4/9/2022 10:55:14,766,Blue,Yes,Yes,1,0,0,0,0,Other,Traversal,,Broken Drivetrain,14
4/9/2022 10:55:53,2489,Red,Yes,Yes,1,0,0,0,0,Tarmac,Did not Climb,,,14
4/9/2022 10:56:34,649,Blue,Yes,Yes,2,0,11,0,0,Tarmac,Upper,,,14
4/9/2022 10:57:10,972,Red,Yes,Yes,2,0,9,0,0,Other,Traversal,,,14
4/9/2022 10:57:59,5027,Red,Yes,No,0,0,0,0,0,,Did not Climb,,Broken Drivetrain,14
4/9/2022 10:59:23,5507,Blue,Yes,Yes,3,0,12,0,0,Tarmac,Upper,,,15
4/9/2022 11:00:03,4186,Blue,Yes,Yes,2,0,4,0,0,Tarmac,Attemped,,,15
4/9/2022 11:00:49,4669,Blue,Yes,Yes,2,0,0,0,0,,Did not Climb,,Played Defense,15
4/9/2022 11:01:23,7413,Red,No,,,,,,,,,,,15
4/9/2022 11:02:04,4159,Red,Yes,Yes,1,0,0,0,0,Tarmac,Did not Climb,,Played Defense,15
4/9/2022 11:02:38,670,Red,Yes,Yes,1,0,3,0,0,Other,Mid,,,15
4/9/2022 11:08:54,3482,Red,Yes,Yes,1,0,4,0,0,Other,Upper,,,16
4/9/2022 11:10:10,2367,Red,Yes,Yes,1,0,1,0,0,Other,Did not Climb,,Played Defense,16
4/9/2022 11:11:03,5171,Red,Yes,Yes,1,0,5,0,0,Other,Traversal,,,16
4/9/2022 11:12:53,8404,Blue,Yes,No,0,0,8,0,0,"Tarmac, Other",Did not Climb,,,16
4/9/2022 11:13:38,199,Blue,Yes,Yes,0,0,4,0,0,"Tarmac, Other",Did not Climb,,,16
4/9/2022 11:14:19,2854,Blue,Yes,Yes,0,0,1,0,0,Other,Mid,,,16
4/9/2022 11:14:58,2144,Red,Yes,No,0,0,2,0,0,Other,Did not Climb,,,17
4/9/2022 11:15:40,192,Blue,Yes,No,1,0,4,0,0,"Tarmac, Other",Did not Climb,,,17
4/9/2022 11:16:20,841,Red,Yes,Yes,2,0,6,0,0,Tarmac,Mid,,,17
4/9/2022 11:17:00,299,Blue,Yes,Yes,0,0,3,0,0,Other,Mid,,,17
4/9/2022 11:17:33,4904,Blue,Yes,Yes,0,0,1,0,0,Other,Did not Climb,,,17
4/9/2022 11:18:07,581,Red,Yes,Yes,0,0,0,5,0,Tarmac,Did not Climb,,,17
4/9/2022 11:21:52,7777,Blue,Yes,Yes,0,0,0,1,0,Tarmac,Attemped,Tech-Foul,Played Defense,18
4/9/2022 11:22:45,7137,Red,Yes,Yes,2,1,3,0,0,Other,Mid,,,18
4/9/2022 11:23:18,6884,Red,Yes,Yes,2,0,0,5,0,"Tarmac, Other",Did not Climb,,,18
4/9/2022 11:23:49,852,Blue,Yes,Yes,0,0,0,1,0,Other,Mid,,,18
4/9/2022 11:24:38,8793,Red,Yes,Yes,0,0,0,0,0,Tarmac,Did not Climb,,Broken Drivetrain,18
4/9/2022 11:25:04,5458,Blue,Yes,No,0,0,0,3,0,Tarmac,Mid,,,18
4/9/2022 11:29:46,7419,Red,Yes,Yes,1,0,6,0,0,Tarmac,Mid,,,19
4/9/2022 11:30:35,8033,Blue,Yes,Yes,0,0,15,0,0,"Launch Pad, Other",Did not Climb,,,19
4/9/2022 11:31:08,6238,Red,Yes,No,0,0,0,0,0,,Traversal,,Played Defense,19
4/9/2022 11:31:52,1678,Red,Yes,Yes,2,0,5,0,0,Other,Upper,,,19
4/9/2022 11:32:24,4973,Blue,Yes,Yes,1,0,3,0,0,"Tarmac, Other",Did not Climb,,,19
4/9/2022 11:33:01,1351,Blue,Yes,Yes,0,0,7,0,0,"Tarmac, Other",Did not Climb,,,19
4/9/2022 11:34:56,8262,Blue,Yes,Yes,0,0,3,0,0,Other,Mid,,,20
4/9/2022 11:35:52,254,Blue,Yes,Yes,4,0,16,0,0,Other,Traversal,,,20
4/9/2022 11:36:45,972,Blue,Yes,Yes,1,0,1,0,0,Other,Traversal,,,20
4/9/2022 11:37:16,751,Red,Yes,Yes,0,0,3,1,0,Other,Did not Climb,,,20
4/9/2022 11:37:56,4990,Red,Yes,Yes,1,0,0,2,0,"Tarmac, Other",Did not Climb,,,20
4/9/2022 11:38:54,2141,Red,Yes,No,0,0,0,0,0,,Did not Climb,,Broken Drivetrain,20
4/9/2022 11:58:13,5419,Blue,Yes,Yes,2,0,5,0,0,Other,Upper,,,21
4/9/2022 11:59:29,6918,Blue,Yes,Yes,0,0,0,0,0,,Did not Climb,,Broken Drivetrain,21
4/9/2022 12:00:30,5507,Blue,Yes,Yes,1,0,7,0,0,Tarmac,Upper,,,21
4/9/2022 12:02:12,4171,Red,No,No,0,0,0,0,0,,Did not Climb,,Broken Drivetrain,21
4/9/2022 12:02:49,2035,Red,Yes,Yes,0,0,6,0,0,Other,Mid,,,21
4/9/2022 12:04:06,4669,Red,Yes,Yes,0,0,0,0,0,,Mid,,Played Defense,21
4/9/2022 12:04:56,6814,Blue,Yes,Yes,0,1,0,3,0,Tarmac,Did not Climb,,,22
4/9/2022 12:05:35,7415,Blue,Yes,Yes,0,1,0,9,0,Tarmac,Mid,,,22
4/9/2022 12:06:12,8404,Blue,Yes,No,0,1,2,0,0,"Tarmac, Other",Did not Climb,,,22
4/9/2022 12:07:33,668,Red,Yes,Yes,0,0,0,3,0,Launch Pad,Did not Climb,,,22
4/9/2022 12:08:23,4186,Red,Yes,Yes,2,0,4,0,0,"Tarmac, Other",Mid,,,22
4/9/2022 12:09:04,2854,Red,Yes,Yes,1,0,6,0,0,"Tarmac, Other",Mid,,,22
4/9/2022 12:10:26,3045,Blue,Yes,Yes,0,0,0,0,0,,Did not Climb,,Broken Drivetrain,23
4/9/2022 12:11:03,4255,Blue,Yes,Yes,3,0,4,0,0,Tarmac,Mid,,,23
4/9/2022 12:11:54,4159,Blue,Yes,Yes,1,0,0,0,,Tarmac,Attemped,,,23
4/9/2022 12:12:37,2144,Red,Yes,No,0,0,4,1,0,Tarmac,Did not Climb,,,23
4/9/2022 12:13:20,840,Red,Yes,Yes,0,0,0,0,0,,Mid,,Played Defense,23
4/9/2022 12:14:12,2489,Red,Yes,Yes,0,0,2,1,0,"Tarmac, Other",Mid,,,23
4/9/2022 12:15:15,2643,Blue,Yes,Yes,1,0,1,0,0,,Did not Climb,,Broken Drivetrain,24
4/9/2022 12:15:52,852,Blue,Yes,Yes,0,0,7,0,0,,Mid,,,24
4/9/2022 12:16:24,5027,Blue,Yes,No,0,0,0,0,0,,Did not Climb,,Broken Drivetrain,24
4/9/2022 12:16:50,192,Red,Yes,Yes,1,0,2,0,0,"Tarmac, Launch Pad",Low,,,24
4/9/2022 12:17:20,4091,Red,Yes,Yes,0,0,1,1,0,Tarmac,Mid,,,24
4/9/2022 12:17:52,199,Red,Yes,Yes,2,0,1,0,0,"Tarmac, Other",Mid,,,24
4/9/2022 13:02:59,841,Red,Yes,Yes,0,0,2,1,0,,Upper,,,25
4/9/2022 13:04:29,604,Blue,Yes,Yes,2,0,7,0,0,Other,Mid,,,25
4/9/2022 13:05:08,5171,Blue,Yes,Yes,0,0,3,0,0,Other,Traversal,,,25
4/9/2022 13:06:08,8048,Red,Yes,No,0,0,0,4,0,Launch Pad,Did not Climb,,,25
4/9/2022 13:06:43,1351,Blue,Yes,Yes,0,0,9,0,0,Tarmac,Mid,,,25
4/9/2022 13:07:30,5458,Red,Yes,Yes,0,0,0,5,0,Tarmac,Mid,,,25
4/9/2022 13:13:24,8033,Blue,Yes,Yes,2,0,14,0,0,Other,Did not Climb,,,26
4/9/2022 13:14:31,751,Blue,Yes,Yes,1,0,0,0,0,,Did not Climb,,,26
4/9/2022 13:15:02,649,Red,Yes,No,0,0,2,1,0,Other,Upper,,,26
4/9/2022 13:15:52,4973,Red,Yes,Yes,0,0,0,0,0,,Did not Climb,,Played Defense,26
4/9/2022 13:16:24,299,Blue,Yes,Yes,0,0,0,0,0,,Mid,,,26
4/9/2022 13:17:40,670,Red,Yes,Yes,2,0,15,0,0,Other,,,,26
4/9/2022 13:19:18,1072,Red,Yes,Yes,2,0,9,1,0,Other,Traversal,,,27
4/9/2022 13:20:34,7137,Red,Yes,No,1,0,2,0,0,Other,Low,,,27
4/9/2022 13:21:46,2141,Blue,Yes,Yes,0,0,0,0,0,,Did not Climb,,"Broken Drivetrain, Played Defense",27
4/9/2022 13:22:19,6238,Red,Yes,Yes,1,0,0,0,0,Other,Traversal,,Played Defense,27
4/9/2022 13:22:59,701,Blue,Yes,Yes,1,0,0,0,0,Other,Did not Climb,,"Broken Drivetrain, Played Defense",27
4/9/2022 13:23:50,581,Blue,Yes,Yes,0,0,2,0,0,Tarmac,Did not Climb,,Broken Drivetrain,27
4/9/2022 13:26:44,7777,Red,Yes,Yes,0,0,0,0,0,,Attemped,,Played Defense,28
4/9/2022 13:29:21,2367,Red,Yes,Yes,0,0,0,0,0,,Did not Climb,,Played Defense,28
4/9/2022 13:31:00,8262,Red,Yes,,0,0,7,0,0,Other,Mid,,,28
4/9/2022 13:31:58,766,Blue,Yes,Yes,0,0,0,0,0,,Traversal,,Played Defense,28
4/9/2022 13:33:46,4904,Blue,Yes,Yes,0,0,3,0,0,Other,Did not Climb,,,28
4/9/2022 13:34:41,7413,Blue,Yes,Yes,0,0,0,0,0,,Did not Climb,,Broken Drivetrain,28
4/9/2022 13:35:18,3482,Blue,Yes,Yes,0,1,0,1,0,Tarmac,Did not Climb,,,29
4/9/2022 13:36:10,8793,Blue,Yes,Yes,0,1,3,0,0,Other,Did not Climb,,,29
4/9/2022 13:36:59,6418,Blue,Yes,No,0,0,0,9,0,Tarmac,Did not Climb,,,29
4/9/2022 13:38:08,971,Red,Yes,Yes,1,0,6,0,0,"Tarmac, Other",Did not Climb,,,29
4/9/2022 13:38:54,1678,Red,Yes,Yes,2,0,24,0,0,Other,Traversal,,,29
4/9/2022 13:39:49,1967,Red,Yes,Yes,2,0,5,0,0,Other,Did not Climb,,,29
4/9/2022 13:41:06,7415,Red,Yes,Yes,0,1,0,0,0,Other,Low,,"Broken Drivetrain, Played Defense",30
4/9/2022 13:42:06,254,Red,Yes,Yes,3,0,14,1,0,"Tarmac, Other",Traversal,,,30
4/9/2022 13:43:09,6884,Blue,Yes,Yes,0,0,0,8,0,Tarmac,Did not Climb,,,30
4/9/2022 13:44:08,5507,Blue,Yes,Yes,2,0,5,0,0,"Tarmac, Other",Mid,,,30
4/9/2022 13:44:38,7419,Blue,Yes,Yes,1,0,1,0,0,"Tarmac, Other",Mid,,,30
4/9/2022 13:45:23,2643,Red,Yes,Yes,0,0,0,0,0,,Upper,,Broken Drivetrain,30
4/9/2022 13:48:16,852,Red,Yes,Yes,2,0,8,0,0,Tarmac,Mid,,,31
4/9/2022 13:48:52,8048,,Yes,No,0,2,0,4,0,Other,Mid,,,31
4/9/2022 13:49:25,2489,Blue,Yes,Yes,0,0,0,3,0,Tarmac,Mid,,,31
4/9/2022 13:50:13,4669,Blue,Yes,Yes,0,0,0,0,0,,Did not Climb,,Played Defense,31
4/9/2022 13:50:40,2854,Blue,Yes,Yes,2,0,5,0,0,,Low,,,31
4/9/2022 13:51:10,4990,Red,Yes,Yes,1,0,0,0,0,Tarmac,Did not Climb,,,31
4/9/2022 13:54:11,670,Blue,Yes,Yes,2,0,10,0,0,Other,Upper,,,32
4/9/2022 13:54:48,3045,Red,Yes,Yes,0,0,0,0,0,,Upper,,Broken Drivetrain,32
4/9/2022 13:55:44,5458,Blue,Yes,Yes,0,2,0,3,0,Tarmac,Mid,,,32
4/9/2022 13:57:09,4171,Red,Yes,No,0,0,0,0,0,,Did not Climb,,"Broken Drivetrain, Played Defense",32
4/9/2022 13:57:46,668,Red,Yes,Yes,0,0,3,0,0,Tarmac,,,,32
4/9/2022 13:58:29,192,Blue,Yes,Yes,0,0,4,0,0,Other,,,,32
4/9/2022 14:01:31,604,Red,Yes,Yes,2,0,16,0,0,Other,Did not Climb,,,33
4/9/2022 14:03:13,751,Blue,Yes,Yes,1,0,3,1,0,Tarmac,Did not Climb,,,33
4/9/2022 14:04:56,6238,Red,Yes,Yes,1,0,1,0,0,Tarmac,Traversal,,Played Defense,33
4/9/2022 14:08:37,4091,Blue,Yes,No,0,0,2,0,0,Other,Low,,,33
4/9/2022 14:09:21,6918,Blue,Yes,Yes,0,0,6,1,0,Tarmac,Traversal,,,33
4/9/2022 14:11:45,841,Red,Yes,Yes,1,0,5,0,0,"Tarmac, Other",Mid,,,33
4/9/2022 14:14:07,199,Red,Yes,Yes,3,0,0,0,0,Tarmac,Did not Climb,,,34
4/9/2022 14:15:02,299,Red,Yes,Yes,0,0,1,0,0,Tarmac,Mid,,Broken Drivetrain,34
4/9/2022 14:16:14,1072,Red,Yes,Yes,3,0,10,0,0,"Tarmac, Other",Traversal,,,34
4/9/2022 14:16:54,8262,Blue,Yes,No,0,0,5,0,0,Other,Mid,,,34
4/9/2022 14:17:27,2035,Blue,Yes,Yes,0,1,0,0,0,Tarmac,Mid,,Played Defense,34
4/9/2022 14:18:13,4159,Blue,Yes,No,0,0,8,1,0,Other,Did not Climb,,,34
4/9/2022 14:19:03,5171,Red,Yes,Yes,2,0,8,0,0,Other,Traversal,,,35
4/9/2022 14:20:02,7413,Red,Yes,Yes,0,0,0,0,0,,Did not Climb,,Played Defense,35
4/9/2022 14:20:47,840,Blue,Yes,Yes,0,0,1,0,0,,Did not Climb,,Played Defense,35
4/9/2022 14:22:57,4904,Blue,Yes,Yes,0,0,3,0,0,Other,Did not Climb,,,35
4/9/2022 14:24:11,5027,Blue,Yes,No,0,0,0,0,0,,Attemped,,Played Defense,35
4/9/2022 14:24:56,1678,Red,Yes,Yes,4,0,24,0,0,Other,Traversal,,,35
4/9/2022 14:25:33,6884,Blue,Yes,Yes,0,1,0,9,0,Tarmac,,,,36
4/9/2022 14:26:18,972,Red,Yes,Yes,1,0,4,0,0,Other,Did not Climb,,,36
4/9/2022 14:28:19,4973,Blue,Yes,Yes,0,0,0,0,,,Upper,,,36
4/9/2022 14:29:42,1351,Red,Yes,Yes,2,0,11,0,0,Tarmac,,,,36
4/9/2022 14:30:21,2367,Blue,Yes,Yes,0,0,0,2,0,Tarmac,,,Played Defense,36
4/9/2022 14:31:14,5419,Red,Yes,,3,0,6,0,0,Other,Upper,,,36
4/9/2022 14:36:40,6418,Red,Yes,Yes,0,2,0,9,0,Tarmac,,,,37
4/9/2022 14:37:27,2144,Red,Yes,Yes,0,0,9,0,0,Other,,,,37
4/9/2022 14:38:02,4186,Red,Yes,Yes,0,0,0,0,0,,Mid,,Played Defense,37
4/9/2022 14:38:42,649,Blue,Yes,Yes,2,0,4,0,0,,Traversal,,Played Defense,37
4/9/2022 14:39:27,2141,Blue,Yes,Yes,0,1,0,0,0,Tarmac,,,Played Defense,37
4/9/2022 14:42:50,7137,Blue,Yes,Yes,2,,5,0,0,"Tarmac, Other",Mid,,,37
4/9/2022 14:46:06,7777,Blue,Yes,Yes,1,0,0,0,0,Tarmac,Mid,,,38
4/9/2022 14:46:45,6814,Blue,Yes,Yes,0,1,0,10,0,Tarmac,Did not Climb,,,38
4/9/2022 14:47:30,8793,Blue,Yes,Yes,1,0,2,0,0,Other,,,,38
4/9/2022 14:50:34,581,Red,Yes,Yes,0,1,0,6,0,Tarmac,,,,38
4/9/2022 14:51:11,4255,Red,Yes,Yes,2,0,3,0,0,"Tarmac, Other",Upper,,,38
4/9/2022 14:53:29,3482,Red,Yes,Yes,0,1,0,2,0,Tarmac,Attemped,,,38
4/9/2022 14:56:45,766,Red,Yes,No,0,0,0,0,0,,Attemped,,Broken Drivetrain,39
4/9/2022 14:57:28,8404,Red,Yes,Yes,1,0,1,0,0,"Tarmac, Other",Traversal,,Played Defense,39
4/9/2022 14:58:40,971,Red,Yes,Yes,4,0,13,0,0,"Tarmac, Other",Mid,,,39
4/9/2022 15:00:11,701,Blue,Yes,Yes,0,0,0,0,0,,Mid,,Played Defense,39
4/9/2022 15:00:42,1967,Blue,Yes,Yes,0,2,0,3,0,Tarmac,Mid,,,39
4/9/2022 15:01:21,7419,Blue,Yes,Yes,0,1,2,0,0,Other,Traversal,,,39
4/9/2022 15:02:05,668,Blue,Yes,Yes,1,0,2,0,0,Tarmac,,,,40
4/9/2022 15:05:34,4171,Red,No,No,0,0,0,0,0,,Did not Climb,,,40
4/9/2022 15:06:36,4091,Blue,Yes,No,0,0,00,0,0,,Mid,,Played Defense,40
4/9/2022 15:07:15,8033,Red,Yes,Yes,2,0,8,0,0,"Tarmac, Other",,,,40
4/9/2022 15:08:19,2854,Red,Yes,Yes,0,0,3,0,0,Other,Mid,,Played Defense,40
4/9/2022 15:11:45,6918,Red,Yes,Yes,1,0,6,0,0,"Tarmac, Other",Traversal,,,41
4/9/2022 15:12:21,670,Red,Yes,Yes,3,0,9,0,0,Other,Upper,,,41
4/9/2022 15:15:25,8048,Red,Yes,Yes,0,0,0,7,0,Tarmac,Attemped,,,41
4/9/2022 15:16:00,4990,Blue,Yes,Yes,2,0,2,1,0,"Tarmac, Other",Did not Climb,,Played Defense,41
4/9/2022 15:18:59,1678,Blue,Yes,Yes,3,0,31,0,0,Other,Traversal,,,41
4/9/2022 15:20:07,2643,Blue,Yes,Yes,0,0,1,0,0,"Launch Pad, Other",Mid,,,41
4/9/2022 15:20:51,2489,Blue,Yes,Yes,1,0,4,0,0,"Tarmac, Other",Mid,,,42
4/9/2022 15:21:36,3045,Blue,Yes,No,0,0,0,0,0,,Did not Climb,,Uncontrolled Crashing,42
4/9/2022 15:22:13,4904,Red,Yes,Yes,0,0,2,0,0,Tarmac,Mid,,,42
4/9/2022 15:23:06,199,Red,Yes,Yes,0,0,3,0,0,Tarmac,Mid,,,42
4/9/2022 15:25:22,751,Red,Yes,Yes,0,0,4,0,0,Other,Low,,,42
4/9/2022 15:25:51,6884,Blue,Yes,Yes,0,1,0,6,0,Tarmac,Mid,,,42
4/9/2022 15:27:10,5171,Red,Yes,Yes,2,0,7,0,0,Other,Traversal,,,43
4/9/2022 15:28:03,2141,Blue,Yes,Yes,0,0,0,0,0,,Mid,,Played Defense,43
4/9/2022 15:28:30,4973,Blue,Yes,Yes,0,0,0,0,0,,Mid,,,43
4/9/2022 15:29:12,4186,Blue,Yes,Yes,0,0,0,0,0,,Did not Climb,,Played Defense,43
4/9/2022 15:30:48,5507,Red,Yes,Yes,2,0,6,0,0,Tarmac,Mid,,,43
4/9/2022 15:38:26,192,Red,Yes,Yes,2,0,0,1,0,"Tarmac, Other",Did not Climb,,,43
4/9/2022 15:39:03,7415,Blue,Yes,No,0,0,0,4,0,Tarmac,Upper,,,44
4/9/2022 15:39:36,5458,Blue,Yes,Yes,0,2,0,3,0,,Low,,,44
4/9/2022 15:40:09,5419,Blue,Yes,Yes,2,0,7,0,0,Other,Traversal,,,44
4/9/2022 15:40:48,6418,Red,Yes,Yes,0,1,0,2,0,Tarmac,Mid,,,44
4/9/2022 15:41:18,4255,Red,Yes,Yes,3,1,8,0,0,Tarmac,Upper,,,44
4/9/2022 15:41:58,8262,Red,Yes,Yes,1,0,8,0,0,Other,Mid,,,44
4/9/2022 15:42:33,604,Red,Yes,Yes,2,0,5,0,0,"Tarmac, Other",Upper,,,45
4/9/2022 15:43:07,1967,Blue,Yes,Yes,0,2,0,9,0,Tarmac,Mid,,,45
4/9/2022 15:43:40,852,Red,Yes,Yes,1,0,3,0,0,Other,Attemped,,,45
4/9/2022 15:44:10,581,Blue,Yes,Yes,0,0,0,0,0,,Did not Climb,,Played Defense,45
4/9/2022 15:44:50,649,Red,Yes,Yes,2,0,7,0,0,"Launch Pad, Other",Upper,,,45
4/9/2022 15:45:22,4159,Blue,Yes,No,0,0,0,0,0,,Mid,,Played Defense,45
4/9/2022 15:45:57,7777,Red,Yes,Yes,0,0,0,1,0,Tarmac,Attemped,,,46
4/9/2022 15:47:13,1351,Blue,Yes,Yes,2,0,6,2,0,"Tarmac, Other",Mid,,,46
4/9/2022 15:47:42,971,Blue,Yes,Yes,2,0,13,0,0,Other,,,,46
4/9/2022 15:48:45,6238,Blue,Yes,Yes,1,0,1,0,0,Other,Traversal,,,46
4/9/2022 15:49:27,8404,Red,Yes,Yes,0,0,3,0,0,Tarmac,Attemped,,,46
4/9/2022 15:50:50,5027,Red,Yes,Yes,1,0,0,0,0,Tarmac,Did not Climb,,,46
4/9/2022 15:51:23,7413,Blue,Yes,Yes,0,0,2,0,0,Tarmac,Mid,,,47
4/9/2022 15:53:25,766,Red,Yes,Yes,2,0,0,0,0,Tarmac,Upper,,,47
4/9/2022 15:54:01,2035,Blue,Yes,Yes,0,0,2,0,0,Other,Upper,,,47
4/9/2022 15:55:01,8033,Red,Yes,Yes,2,0,7,0,0,"Tarmac, Other",Attemped,,,47
4/9/2022 15:55:38,701,Red,Yes,Yes,1,0,4,0,0,Other,Did not Climb,,,47
4/9/2022 15:56:18,8793,Blue,Yes,Yes,0,0,0,0,0,,Did not Climb,,Played Defense,47
4/9/2022 15:57:18,841,Blue,Yes,Yes,0,0,3,4,0,Tarmac,Low,,,48
4/9/2022 15:57:49,7419,Blue,Yes,Yes,0,0,4,0,0,Other,Upper,,Uncontrolled Crashing,48
4/9/2022 15:58:27,1072,Blue,Yes,Yes,2,0,7,0,0,Tarmac,Traversal,,,48
4/9/2022 15:59:06,6814,Red,Yes,No,0,0,0,4,0,Tarmac,Did not Climb,,,48
4/9/2022 16:01:12,2144,Red,Yes,Yes,1,0,3,0,0,Other,Did not Climb,,,48
4/9/2022 16:01:55,2367,Red,Yes,Yes,0,0,0,0,0,,Upper,,Played Defense,48
4/9/2022 16:03:47,299,Red,Yes,Yes,1,0,0,0,0,Tarmac,Mid,,Played Defense,49
4/9/2022 16:04:22,4669,Red,Yes,Yes,1,0,3,0,0,Tarmac,Low,,,49
4/9/2022 16:05:01,972,Red,Yes,Yes,3,0,4,0,0,"Tarmac, Launch Pad",Upper,,,49
4/9/2022 16:05:38,254,Blue,Yes,Yes,3,0,13,0,0,"Tarmac, Other",Traversal,,,49
4/9/2022 16:06:20,840,Blue,Yes,No,0,0,0,0,0,,Mid,,Played Defense,49
4/9/2022 16:06:50,3482,Blue,Yes,Yes,0,0,0,3,0,Tarmac,Low,,,49
4/9/2022 16:07:18,7137,Red,Yes,Yes,0,0,2,0,0,Other,Low,,,50
4/9/2022 16:07:53,4255,Red,Yes,Yes,1,0,2,0,0,Tarmac,Traversal,,,50
4/9/2022 16:09:44,5507,Red,Yes,Yes,1,0,10,0,0,Tarmac,Upper,,,50
4/9/2022 16:10:32,668,Blue,Yes,Yes,0,0,3,0,0,Tarmac,Attemped,,,50
4/9/2022 16:11:02,8048,Blue,Yes,Yes,0,2,0,8,0,Tarmac,Attemped,,,50
4/9/2022 16:11:48,199,Blue,Yes,Yes,2,0,0,0,0,"Tarmac, Other",Mid,,Played Defense,50
4/9/2022 16:12:30,1967,Blue,Yes,Yes,0,2,0,9,0,Tarmac,Mid,,,51
4/9/2022 16:13:02,4904,Red,Yes,,1,0,1,0,0,Tarmac,Mid,,,51
4/9/2022 16:13:32,5458,Blue,Yes,Yes,0,0,0,4,0,Tarmac,Did not Climb,,,51
4/9/2022 16:14:05,4973,Red,Yes,Yes,0,0,0,0,0,,Attemped,,Broken Drivetrain,51
4/9/2022 16:14:30,2141,Blue,Yes,Yes,0,0,0,0,0,,Did not Climb,,Played Defense,51
4/9/2022 16:15:13,6918,Red,Yes,Yes,1,0,2,0,0,Other,Attemped,,,51
4/9/2022 16:16:06,4091,Red,Yes,Yes,0,0,0,0,0,,Upper,,,52
4/9/2022 16:16:44,5419,Red,Yes,Yes,4,0,7,0,0,Tarmac,Upper,,,52
4/9/2022 16:17:31,8404,Red,Yes,No,0,0,0,0,0,,Mid,,,52
4/9/2022 16:23:23,1351,Red,Yes,Yes,3,0,3,0,0,Tarmac,Mid,,,53
4/9/2022 16:23:57,852,Red,Yes,Yes,0,0,0,0,0,Tarmac,Attemped,,Played Defense,53
4/9/2022 16:25:01,701,Red,Yes,Yes,3,0,4,0,0,"Tarmac, Other",Did not Climb,,,53
4/9/2022 16:25:40,8033,Blue,Yes,Yes,3,0,9,0,0,Other,Did not Climb,,,53
4/9/2022 16:26:12,4990,Blue,Yes,Yes,1,0,0,0,0,Other,Did not Climb,,Played Defense,53
4/9/2022 16:26:43,4186,Blue,Yes,Yes,1,0,0,0,0,,Attemped,,,53
4/9/2022 16:29:40,971,Blue,Yes,Yes,5,0,14,0,0,"Tarmac, Other",Upper,,,54
4/9/2022 16:30:30,2643,Blue,Yes,Yes,0,0,2,0,0,"Tarmac, Other",Did not Climb,,,54
4/9/2022 16:31:04,7413,Blue,Yes,Yes,0,0,1,0,0,Launch Pad,Mid,,,54
4/9/2022 16:31:42,6814,Red,Yes,Yes,0,0,0,0,0,,Did not Climb,,,54
4/9/2022 16:32:12,2854,Red,Yes,Yes,1,0,7,0,0,Other,Attemped,,,54
4/9/2022 16:32:38,751,Red,Yes,Yes,0,0,2,0,0,Other,Mid,,,54
4/9/2022 16:36:33,5027,Red,Yes,No,0,0,0,0,0,,Low,,,55
4/9/2022 16:37:20,8793,Red,Yes,Yes,1,0,0,0,0,Tarmac,Did not Climb,,Played Defense,55
4/9/2022 16:37:49,604,Red,Yes,Yes,2,0,11,0,0,Other,Traversal,,,55
4/9/2022 16:39:09,2144,Blue,Yes,Yes,0,0,0,0,0,,Did not Climb,,"Broken Drivetrain, Played Defense",55
4/9/2022 16:39:44,8262,Blue,Yes,Yes,1,0,6,0,0,"Tarmac, Other",Mid,,Uncontrolled Crashing,55
4/9/2022 16:40:12,670,Blue,Yes,Yes,4,0,9,0,0,"Tarmac, Other",Upper,,,55
4/9/2022 16:45:53,1072,Blue,Yes,Yes,2,0,13,0,0,"Tarmac, Other",,,,56
4/9/2022 16:46:30,3482,Blue,Yes,Yes,0,0,0,0,0,Tarmac,,,"Uncontrolled Crashing, Broken Drivetrain",56
4/9/2022 16:47:21,4171,Blue,Yes,Yes,0,0,0,0,0,,,,Broken Drivetrain,56
4/9/2022 16:48:01,649,Red,Yes,Yes,2,0,8,0,0,Other,Attemped,,,56
4/9/2022 16:48:36,841,Red,Yes,Yes,1,0,0,4,0,Tarmac,Attemped,,,56
4/9/2022 16:50:35,6884,Red,Yes,Yes,0,0,0,3,0,Tarmac,,,Played Defense,56
4/9/2022 16:51:21,6238,Red,Yes,Yes,0,0,0,0,0,Tarmac,Traversal,,,57
4/9/2022 16:52:17,254,Blue,Yes,Yes,5,0,20,0,0,Other,Mid,,,57
4/9/2022 16:53:21,766,Blue,Yes,Yes,1,0,2,0,0,Other,Mid,,,57
4/9/2022 16:54:52,840,Red,Yes,No,0,0,0,0,0,,Attemped,,Played Defense,57
4/9/2022 16:56:10,6418,Red,Yes,Yes,0,1,0,9,0,Tarmac,Mid,,,57
4/9/2022 16:57:05,4159,Red,Yes,Yes,1,0,2,0,0,Tarmac,,,,57
4/9/2022 17:02:59,581,Red,Yes,No,0,0,0,0,0,,,,Broken Drivetrain,58
4/9/2022 17:03:27,2035,Red,Yes,Yes,0,0,6,0,0,Other,Mid,,,58
4/9/2022 17:04:17,7777,Red,Yes,Yes,0,0,0,3,0,Tarmac,Attemped,,,58
4/9/2022 17:05:51,972,Blue,Yes,Yes,3,0,10,0,0,"Tarmac, Other",Low,,,58
4/9/2022 17:09:00,7419,Blue,Yes,Yes,2,0,1,0,0,Other,Traversal,,,58
4/9/2022 17:10:11,5171,Blue,Yes,Yes,1,0,3,0,0,Other,Traversal,,,58
4/9/2022 17:10:46,3045,Red,Yes,Yes,1,0,0,3,0,Other,Did not Climb,,,59
4/9/2022 17:11:17,7137,Red,Yes,Yes,0,0,1,0,0,Other,,,Broken Drivetrain,59
4/9/2022 17:11:55,299,Red,Yes,Yes,1,0,0,0,0,Tarmac,,,Broken Drivetrain,59
4/9/2022 17:12:34,2367,Blue,Yes,Yes,0,0,0,0,0,,Upper,,,59
4/9/2022 17:13:16,4669,Blue,Yes,Yes,0,0,0,0,0,,,,Played Defense,59
4/9/2022 17:14:02,7415,Blue,Yes,Yes,0,0,0,4,0,Tarmac,Traversal,,,59
4/9/2022 17:16:19,199,Blue,Yes,Yes,3,0,0,0,0,Tarmac,,,,60
4/9/2022 17:17:46,8033,Red,Yes,Yes,1,0,8,0,0,"Launch Pad, Other",Did not Climb,,,60
4/9/2022 17:18:21,5419,Red,Yes,Yes,2,0,5,0,0,"Tarmac, Other",Upper,,,60
4/9/2022 17:20:02,4904,Red,Yes,Yes,1,0,1,0,0,Other,Mid,,,60
4/9/2022 17:20:45,4990,Blue,Yes,Yes,0,0,0,0,0,,,,Played Defense,60
4/9/2022 17:22:41,5507,Blue,Yes,Yes,2,0,6,0,0,Tarmac,Upper,,,60
4/9/2022 17:24:14,1351,Red,Yes,Yes,3,0,10,0,0,Other,,,,61
4/9/2022 17:24:44,668,Red,Yes,Yes,0,0,2,0,0,Tarmac,Attemped,,,61
4/9/2022 17:25:21,7413,Red,Yes,Yes,0,0,0,0,0,,Upper,,Played Defense,61
4/9/2022 17:26:13,1967,Blue,Yes,No,0,7,0,0,0,Tarmac,Mid,,,61
4/9/2022 17:26:54,2144,Blue,Yes,Yes,1,0,4,0,0,"Tarmac, Other",,,Broken Drivetrain,61
4/9/2022 17:27:47,4091,Blue,Yes,Yes,0,0,0,0,0,,,,Broken Drivetrain,61
4/9/2022 17:31:02,4186,Blue,Yes,Yes,2,0,0,0,0,"Tarmac, Other",,,Played Defense,62
4/9/2022 17:31:53,4255,Blue,Yes,Yes,2,0,7,0,0,Tarmac,Upper,,,62
4/9/2022 17:32:34,1678,Blue,Yes,Yes,2,0,17,0,0,"Tarmac, Other",Traversal,,,62
4/9/2022 17:33:11,2854,Red,Yes,Yes,2,0,3,0,0,Other,Attemped,,,62
4/9/2022 17:35:10,841,Red,Yes,Yes,1,0,0,2,0,Tarmac,,,Played Defense,62
4/9/2022 17:36:32,8262,Red,Yes,Yes,2,0,10,0,0,"Tarmac, Other",Upper,,,62
4/9/2022 17:39:16,192,Red,Yes,Yes,0,0,0,0,0,,,,Played Defense,63
4/9/2022 17:39:57,766,Red,Yes,Yes,0,0,0,0,0,,Traversal,,Played Defense,63
4/9/2022 17:40:44,8048,Red,Yes,Yes,0,0,0,11,0,Tarmac,Mid,,,63
4/9/2022 17:41:23,5458,Blue,Yes,Yes,0,2,0,8,0,Tarmac,Mid,,,63
4/9/2022 17:42:28,6814,Blue,Yes,Yes,0,0,0,0,0,Tarmac,,,Played Defense,63
4/9/2022 17:43:27,254,Blue,Yes,Yes,3,0,6,1,0,"Tarmac, Launch Pad, Other",Traversal,,,63
4/10/2022 6:45:39,2489,Blue,Yes,Yes,1,0,6,0,0,Other,Mid,,,52
4/10/2022 6:46:31,192,Blue,Yes,Yes,1,0,0,0,0,Other,Did not Climb,,Played Defense,52
4/10/2022 8:29:51,4159,Blue,Yes,Yes,1,0,9,0,0,Tarmac,Did not Climb,,,64
4/10/2022 8:30:19,751,Blue,Yes,Yes,1,0,3,0,0,"Tarmac, Other",Mid,,,64
4/10/2022 8:30:58,9171,Blue,Yes,Yes,0,0,0,0,0,,Did not Climb,,Played Defense,64
4/10/2022 8:32:06,840,Red,Yes,Yes,0,0,0,0,0,,Mid,,Played Defense,64
4/10/2022 8:33:07,7777,Red,Yes,Yes,0,0,0,2,0,Other,Attemped,,,64
4/10/2022 8:33:43,5171,Red,Yes,Yes,3,0,4,0,0,Other,Mid,,,64
4/10/2022 8:58:49,6918,Red,Yes,Yes,1,0,2,0,0,"Tarmac, Other",Upper,,,65
4/10/2022 9:00:29,299,Red,Yes,Yes,0,0,0,0,0,,Mid,,Played Defense,65
4/10/2022 9:02:49,5027,Blue,Yes,Yes,0,0,0,0,0,,Did not Climb,,Played Defense,65
4/10/2022 9:03:19,701,Blue,Yes,Yes,1,0,4,0,0,Other,Mid,,,65
4/10/2022 9:04:15,6884,Blue,Yes,No,0,0,0,7,0,Tarmac,Did not Climb,,,65
4/10/2022 9:07:43,2035,Red,Yes,Yes,1,0,2,0,0,Other,Upper,,,66
4/10/2022 9:08:37,2141,Red,Yes,Yes,0,0,0,0,0,,Did not Climb,,"Broken Drivetrain, Played Defense",66
4/10/2022 9:09:19,670,Blue,Yes,Yes,3,0,9,0,0,Tarmac,Upper,,,66
4/10/2022 9:10:28,7419,Red,Yes,Yes,2,0,7,0,0,"Tarmac, Other",Mid,,,66
4/10/2022 9:13:21,1072,Blue,Yes,Yes,0,0,1,0,0,"Tarmac, Other",Did not Climb,,,67
4/10/2022 9:13:48,852,Red,Yes,Yes,0,0,0,0,0,,Attemped,,Played Defense,67
4/10/2022 9:14:30,972,Blue,Yes,Yes,2,0,8,0,0,"Tarmac, Other",Upper,,,67
4/10/2022 9:15:01,3045,Red,Yes,Yes,0,0,1,0,0,Tarmac,Mid,,,67
4/10/2022 9:15:32,604,Blue,Yes,Yes,1,0,11,0,0,"Tarmac, Other",Traversal,,,67
4/10/2022 9:16:14,8793,Red,Yes,Yes,1,0,0,0,0,Tarmac,Did not Climb,,Played Defense,67
4/10/2022 9:19:46,2643,Red,Yes,Yes,1,0,0,0,0,Tarmac,Did not Climb,,Broken Drivetrain,68
4/10/2022 9:21:01,4669,Red,Yes,No,1,0,0,0,0,Tarmac,Did not Climb,,Broken Drivetrain,68
4/10/2022 9:21:42,8404,Red,Yes,Yes,1,0,9,0,0,"Tarmac, Other",Traversal,,,68
4/10/2022 9:22:17,4973,Blue,Yes,Yes,0,0,0,0,0,Tarmac,Did not Climb,,,68
4/10/2022 9:23:05,581,Blue,Yes,Yes,0,0,0,0,0,,Did not Climb,,Broken Drivetrain,68
4/10/2022 9:23:34,7137,Blue,Yes,Yes,0,0,5,1,0,Other,Did not Climb,,,68
4/10/2022 9:28:11,6238,Blue,Yes,Yes,0,0,0,0,0,,Traversal,,,69
4/10/2022 9:29:13,2367,Blue,Yes,Yes,1,0,0,0,0,Other,Attemped,,Played Defense,69
4/10/2022 9:29:45,4904,Blue,Yes,Yes,1,0,2,0,0,Tarmac,Did not Climb,,,69
4/10/2022 9:30:32,7415,Red,Yes,Yes,0,1,0,0,0,Tarmac,Traversal,,Played Defense,69
4/10/2022 9:31:00,971,Red,Yes,Yes,5,0,15,0,0,"Tarmac, Other",Did not Climb,,,69
4/10/2022 9:31:35,649,Red,Yes,Yes,2,0,12,0,0,Tarmac,Mid,,,69
4/10/2022 9:37:22,2854,Blue,Yes,Yes,0,0,9,0,0,"Tarmac, Other",Mid,,,70
4/10/2022 9:38:22,2144,Blue,Yes,Yes,1,0,7,0,0,Tarmac,Did not Climb,,,70
4/10/2022 9:39:01,7777,Blue,Yes,Yes,0,0,0,1,0,Tarmac,Mid,,,70
4/10/2022 9:39:39,199,Red,Yes,Yes,0,0,0,0,0,,Mid,,Uncontrolled Crashing,70
4/10/2022 9:40:18,840,Red,Yes,Yes,1,0,1,0,0,Tarmac,Mid,,Played Defense,70
4/10/2022 9:42:47,5458,Red,Yes,Yes,0,2,0,4,0,Tarmac,Attemped,,,70
4/10/2022 9:47:14,4255,Blue,Yes,Yes,0,0,1,0,0,Other,Upper,,,71
4/10/2022 9:48:14,6918,Blue,Yes,Yes,1,0,1,0,0,Tarmac,Traversal,,,71
4/10/2022 9:49:07,192,Blue,Yes,Yes,0,0,2,0,0,Tarmac,Did not Climb,,,71
4/10/2022 9:49:45,766,Red,Yes,Yes,0,0,0,0,0,,Traversal,,Played Defense,71
4/10/2022 9:50:59,299,Red,Yes,Yes,0,0,0,0,0,,Mid,,"Uncontrolled Crashing, Played Defense",71
4/10/2022 9:51:35,1351,Red,Yes,Yes,4,0,9,0,0,Tarmac,Did not Climb,,,71
4/10/2022 9:54:35,4171,Red,Yes,Yes,0,2,0,0,0,Tarmac,Did not Climb,,"Broken Drivetrain, Played Defense",72
4/10/2022 9:55:10,5507,Red,Yes,Yes,2,0,6,0,0,Tarmac,Upper,,,72
4/10/2022 9:55:47,1967,Red,Yes,Yes,0,2,0,6,0,Tarmac,Mid,,,72
4/10/2022 9:56:21,5027,Blue,Yes,Yes,0,0,0,0,0,,Low,,Played Defense,72
4/10/2022 9:56:58,6814,Blue,Yes,Yes,0,0,0,7,0,Tarmac,Attemped,,,72
4/10/2022 9:57:26,1678,Blue,Yes,Yes,4,0,22,0,0,Tarmac,Traversal,,,72
4/10/2022 10:02:30,4186,Red,Yes,Yes,2,0,0,0,0,Other,Did not Climb,,Played Defense,73
4/10/2022 10:03:11,2035,Red,Yes,Yes,2,0,1,0,0,Other,Mid,,,73
4/10/2022 10:04:01,604,Red,Yes,Yes,3,0,12,0,0,"Tarmac, Other",Traversal,,,73
4/10/2022 10:04:54,668,Blue,Yes,Yes,0,0,3,1,0,Launch Pad,Did not Climb,,Uncontrolled Crashing,73
4/10/2022 10:05:39,4990,Blue,Yes,Yes,0,0,1,0,0,,Did not Climb,,,73
4/10/2022 10:06:42,6884,Blue,Yes,Yes,0,0,0,5,0,"Tarmac, Other",Did not Climb,,,73
4/10/2022 10:07:52,852,Blue,Yes,Yes,0,1,0,2,0,Tarmac,Did not Climb,,Played Defense,74
4/10/2022 10:09:25,6418,Blue,Yes,Yes,0,2,0,8,0,Tarmac,Mid,,,74
4/10/2022 10:09:59,4669,Blue,Yes,Yes,1,0,0,1,0,Tarmac,Attemped,,,74
4/10/2022 10:10:38,7419,Red,Yes,Yes,1,0,9,0,0,Other,Attemped,,,74
4/10/2022 10:11:09,751,Red,Yes,Yes,0,0,0,0,0,,Mid,,"Uncontrolled Crashing, Played Defense",74
4/10/2022 10:12:59,8404,Red,Yes,Yes,1,0,6,0,0,Other,Traversal,,,74
4/10/2022 10:17:24,2489,Blue,Yes,Yes,0,0,0,0,0,,Mid,,Played Defense,75
4/10/2022 10:17:53,5171,Blue,Yes,Yes,2,0,5,0,0,Other,Traversal,,,75
4/10/2022 10:18:23,971,Blue,Yes,Yes,4,0,18,0,0,"Tarmac, Other",Did not Climb,,,75
4/10/2022 10:18:47,1072,Red,Yes,Yes,2,0,7,0,0,Other,Traversal,,,75
4/10/2022 10:19:20,8033,Red,Yes,Yes,2,0,12,0,0,"Tarmac, Other",Did not Climb,,,75
4/10/2022 10:19:56,254,Red,Yes,Yes,4,0,22,0,0,"Tarmac, Other",Traversal,,,75
4/10/2022 10:29:26,670,Red,Yes,Yes,3,0,14,0,0,"Tarmac, Other",Did not Climb,,,76
4/10/2022 10:30:01,6238,Red,Yes,Yes,2,0,2,0,0,Tarmac,Traversal,,,76
4/10/2022 10:31:09,972,Red,Yes,Yes,1,0,5,0,0,"Tarmac, Other",Traversal,,,76
4/10/2022 10:31:43,841,Blue,Yes,Yes,0,0,0,12,0,Tarmac,Mid,,,76
4/10/2022 10:32:13,7137,Blue,Yes,Yes,0,0,2,0,0,Other,Did not Climb,,,76
4/10/2022 10:32:42,7413,Blue,Yes,Yes,0,0,0,0,0,,Mid,,Played Defense,76
4/10/2022 10:38:11,3482,Blue,Yes,Yes,0,1,0,5,0,Tarmac,Low,,,77
4/10/2022 10:38:38,649,Blue,Yes,Yes,0,0,8,0,0,"Tarmac, Other",Mid,,,77
4/10/2022 10:39:14,701,Blue,Yes,Yes,1,0,8,0,0,Other,Mid,,,77
4/10/2022 10:39:45,4973,Red,Yes,Yes,1,0,0,0,0,Other,Did not Climb,,Broken Drivetrain,77
4/10/2022 10:40:10,4091,Red,Yes,Yes,0,0,4,0,0,Other,Mid,,,77
4/10/2022 10:45:29,8048,Blue,Yes,Yes,0,2,0,7,0,,Mid,,,78
4/10/2022 10:46:03,8793,Blue,Yes,Yes,0,0,0,0,0,,Did not Climb,,Played Defense,78
4/10/2022 10:46:44,2643,Blue,Yes,Yes,1,0,0,2,0,Tarmac,Did not Climb,,,78
4/10/2022 10:47:15,2141,Red,Yes,Yes,0,1,0,0,0,Tarmac,Mid,,Played Defense,78
4/10/2022 10:47:48,2367,Red,Yes,Yes,0,0,0,0,0,,Traversal,,Played Defense,78
4/10/2022 10:48:22,4159,Red,Yes,Yes,1,0,1,0,0,Tarmac,Mid,,,78
4/10/2022 10:53:14,4186,Red,Yes,Yes,2,0,2,0,0,Tarmac,Attemped,,,79
4/10/2022 10:53:46,3045,Red,Yes,Yes,,1,0,0,0,Tarmac,Mid,,Played Defense,79
4/10/2022 10:57:41,7415,Blue,Yes,Yes,1,0,0,6,0,Tarmac,,,Broken Drivetrain,79
4/10/2022 10:58:11,766,Blue,Yes,Yes,0,0,0,0,0,,Traversal,,Played Defense,79
4/10/2022 10:58:42,5419,Blue,Yes,Yes,0,0,13,0,0,Other,Traversal,,,79
4/10/2022 10:59:12,581,Blue,Yes,Yes,0,1,0,7,0,Tarmac,,,,79
4/10/2022 11:02:16,7777,Blue,Yes,Yes,0,0,0,0,0,,Did not Climb,,Played Defense,80
4/10/2022 11:03:53,4171,Blue,Yes,No,0,0,0,0,0,,Did not Climb,,Played Defense,80
4/10/2022 11:05:59,192,Blue,Yes,Yes,2,0,4,0,0,"Tarmac, Other",Attemped,,,80
4/10/2022 11:07:23,192,Blue,Yes,Yes,2,0,4,0,0,"Tarmac, Other",Attemped,,,80
4/10/2022 11:07:53,6418,Red,Yes,Yes,0,0,0,7,0,Tarmac,Mid,,,80
4/10/2022 11:08:21,2854,Red,Yes,Yes,1,0,5,0,0,Other,Mid,,,80
4/10/2022 11:08:49,4990,Red,Yes,Yes,0,1,0,0,0,Tarmac,Did not Climb,,Played Defense,80
4/10/2022 11:09:24,5507,Red,Yes,Yes,2,0,9,0,0,Tarmac,Upper,,,81
4/10/2022 11:09:53,5458,Red,Yes,Yes,2,0,0,5,0,"Tarmac, Other",Mid,,,81
4/10/2022 11:10:19,299,Red,Yes,Yes,2,0,0,0,0,Tarmac,Mid,,Played Defense,81
4/10/2022 11:10:48,8404,Blue,Yes,No,0,0,3,0,0,Other,Traversal,,Played Defense,81
4/10/2022 11:11:14,2489,Blue,Yes,Yes,0,0,2,2,0,Other,Mid,,,81
4/10/2022 11:11:50,1072,Blue,Yes,Yes,2,0,8,0,1,Tarmac,Did not Climb,,,81
4/10/2022 11:21:22,604,Blue,Yes,Yes,2,0,15,0,0,"Tarmac, Other",Traversal,,,82
4/10/2022 11:22:00,6814,Blue,Yes,Yes,0,0,0,0,0,,Attemped,,Played Defense,82
4/10/2022 11:22:41,8033,Blue,Yes,Yes,2,0,9,0,0,"Tarmac, Other",Attemped,,,82
4/10/2022 11:23:24,5027,Red,Yes,Yes,0,0,0,0,0,,Low,,Played Defense,82
4/10/2022 11:23:55,7137,Red,Yes,Yes,0,0,2,0,0,Other,,,Played Defense,82
4/10/2022 11:24:33,4669,Red,Yes,Yes,0,0,0,1,0,Tarmac,Mid,,Broken Drivetrain,82
4/10/2022 11:28:05,852,Blue,Yes,Yes,0,0,0,0,0,Other,Mid,,Played Defense,83
4/10/2022 11:28:52,2144,Blue,Yes,Yes,0,0,3,0,0,Other,,,,83
4/10/2022 11:30:54,2035,Blue,Yes,Yes,0,0,2,0,0,"Tarmac, Other",Mid,,,83
4/10/2022 11:31:23,254,Red,Yes,Yes,5,0,28,0,0,"Tarmac, Other",Traversal,,,83
4/10/2022 11:31:57,4973,Red,Yes,Yes,0,0,0,0,0,,,,"Broken Drivetrain, Played Defense",83
4/10/2022 11:32:23,1678,Red,Yes,Yes,2,0,29,0,0,"Tarmac, Other",Traversal,,,83
4/10/2022 11:37:36,4091,Red,Yes,No,0,0,3,0,0,"Tarmac, Other",Mid,,,84
4/10/2022 11:38:08,6884,Red,Yes,Yes,0,0,0,1,0,Tarmac,Did not Climb,,,84
4/10/2022 11:38:44,7413,Red,Yes,Yes,0,0,0,0,0,,Mid,,Played Defense,84
4/10/2022 11:39:15,5171,Blue,Yes,Yes,1,0,7,1,0,"Tarmac, Other",Upper,,,84
4/10/2022 11:39:46,4255,Blue,Yes,No,0,0,10,0,0,Tarmac,Upper,,Uncontrolled Crashing,84
4/10/2022 11:40:21,2141,Blue,Yes,Yes,0,0,0,0,0,,Did not Climb,,Played Defense,84
4/10/2022 11:43:41,4159,Red,Yes,Yes,2,0,0,0,0,Tarmac,Mid,,Played Defense,85
4/10/2022 11:44:27,701,Red,Yes,Yes,2,0,8,0,0,Other,Attemped,,,85
4/10/2022 11:44:58,2643,Red,Yes,Yes,0,0,0,0,0,,Did not Climb,,,85
4/10/2022 11:45:56,841,Blue,Yes,Yes,0,0,4,0,0,Tarmac,Did not Climb,,,85
4/10/2022 11:46:24,5419,Blue,Yes,Yes,4,0,5,0,0,Other,Upper,,,85
4/10/2022 11:51:25,581,Red,Yes,No,0,0,0,0,0,,Did not Climb,,"Broken Drivetrain, Played Defense",86
4/10/2022 11:52:10,7419,Red,Yes,Yes,2,0,11,0,0,"Tarmac, Other",Upper,,,86
4/10/2022 11:52:45,971,Red,Yes,Yes,5,0,12,0,0,"Tarmac, Launch Pad, Other",Mid,,,86
4/10/2022 11:53:20,840,Blue,Yes,Yes,0,0,0,0,0,,Did not Climb,,"Broken Drivetrain, Played Defense",86
4/10/2022 11:54:04,6918,Blue,Yes,No,2,0,5,0,0,"Tarmac, Other",Traversal,,,86
4/10/2022 11:55:30,8262,Blue,Yes,Yes,2,0,2,0,0,Other,Mid,,Played Defense,86
4/10/2022 12:03:58,1967,Red,Yes,Yes,0,2,0,10,0,Tarmac,Mid,,,87
4/10/2022 12:04:33,670,Red,Yes,Yes,1,0,12,0,0,"Tarmac, Other",Did not Climb,,,87
4/10/2022 12:05:12,7415,Red,Yes,Yes,0,1,0,3,0,Tarmac,Upper,,Played Defense,87
4/10/2022 12:05:45,972,Blue,Yes,Yes,4,0,11,0,0,"Tarmac, Launch Pad, Other",Upper,,,87
4/10/2022 12:06:16,2367,Blue,Yes,Yes,0,0,0,0,0,,Upper,,Played Defense,87
4/10/2022 12:07:03,199,Blue,Yes,Yes,0,0,4,0,0,Other,Did not Climb,,,87
4/10/2022 12:09:45,8048,Red,Yes,Yes,0,2,0,11,0,Tarmac,Mid,,,88
4/10/2022 12:10:19,4904,Red,Yes,Yes,1,0,4,0,0,"Tarmac, Other",Mid,,,88
4/10/2022 12:10:45,3482,Red,Yes,Yes,0,1,0,6,0,Tarmac,Low,,,88
4/10/2022 12:11:16,751,Blue,Yes,Yes,1,0,5,0,0,Other,Did not Climb,,,88
4/10/2022 12:11:50,6238,Blue,Yes,Yes,1,0,3,0,0,Other,Traversal,,,88
4/10/2022 12:12:33,668,Blue,Yes,Yes,0,0,2,1,0,"Tarmac, Other",Did not Climb,,,88
4/10/2022 12:18:51,2854,Blue,Yes,Yes,2,0,4,0,0,"Tarmac, Other",Mid,,,89
4/10/2022 12:19:22,2035,Blue,Yes,Yes,0,0,3,0,0,Other,Attemped,,,89
4/10/2022 12:19:48,5507,Red,Yes,Yes,2,0,8,0,0,Tarmac,Upper,,,89
4/10/2022 12:20:19,649,Red,Yes,Yes,2,0,12,0,0,Other,Traversal,,,89
4/10/2022 12:20:56,8793,Red,Yes,Yes,3,0,0,0,0,Other,Did not Climb,,Played Defense,89
4/10/2022 12:21:23,1351,Blue,Yes,Yes,4,0,2,0,0,Other,Mid,,,89